datum,forecast_services
2027-01-04,1206
2027-01-05,1321
2027-01-06,1359
2027-01-07,1384
2027-01-08,1236
2027-01-11,1335
2027-01-12,1323
2027-01-13,1281
2027-01-14,1394
2027-01-15,1089
2027-01-18,1327
2027-01-19,999
2027-01-20,1208
2027-01-21,1379
2027-01-22,1251
2027-01-25,1248
2027-01-26,1090
2027-01-27,1384
2027-01-28,1241
2027-01-29,1048
2027-02-01,1348
2027-02-02,1299
2027-02-03,997
2027-02-04,1290
2027-02-05,1352
2027-02-08,1198
2027-02-09,1113
2027-02-10,1174
2027-02-11,1423
2027-02-12,1165
2027-02-15,1245
2027-02-16,1239
2027-02-17,1165
2027-02-18,1151
2027-02-19,1268
2027-02-22,1322
2027-02-23,1304
2027-02-24,1049
2027-02-25,1423
2027-02-26,1283
2027-03-01,977
2027-03-02,1043
2027-03-03,1073
2027-03-04,1132
2027-03-05,984
2027-03-08,1091
2027-03-09,1184
2027-03-10,1086
2027-03-11,1191
2027-03-12,1267
2027-03-15,1161
2027-03-16,1144
2027-03-17,1210
2027-03-18,1267
2027-03-19,1293
2027-03-22,1126
2027-03-23,1152
2027-03-24,1346
2027-03-25,1214
2027-03-26,1230
2027-03-29,1309
2027-03-30,1248
2027-03-31,1195
2027-04-01,1286
2027-04-02,1302
2027-04-05,1215
2027-04-06,1158
2027-04-07,1292
2027-04-08,1253
2027-04-09,1285
2027-04-12,1200
2027-04-13,1113
2027-04-14,1289
2027-04-15,1321
2027-04-16,1108
2027-04-19,1267
2027-04-20,1056
2027-04-21,1039
2027-04-22,1353
2027-04-23,1164
2027-04-26,1124
2027-04-27,1205
2027-04-28,1237
2027-04-29,1363
2027-04-30,1314
2027-05-03,1301
2027-05-04,1127
2027-05-05,1230
2027-05-06,1330
2027-05-07,1127
2027-05-10,1325
2027-05-11,1186
2027-05-12,1175
2027-05-13,1258
2027-05-14,1298
2027-05-17,1220
2027-05-18,1227
2027-05-19,1183
2027-05-20,1233
2027-05-21,1317
2027-05-24,1220
2027-05-25,1178
2027-05-26,1174
2027-05-27,1226
2027-05-28,1110
2027-05-31,1241
2027-06-01,1263
2027-06-02,1158
2027-06-03,1273
2027-06-04,1400
2027-06-07,966
2027-06-08,1060
2027-06-09,1093
2027-06-10,1260
2027-06-11,1230
2027-06-14,1186
2027-06-15,1211
2027-06-16,1178
2027-06-17,1313
2027-06-18,1246
2027-06-21,1270
2027-06-22,1205
2027-06-23,1137
2027-06-24,1384
2027-06-25,1203
2027-06-28,1151
2027-06-29,1110
2027-06-30,1177
2027-07-01,1358
2027-07-02,1071
2027-07-05,1181
2027-07-06,1085
2027-07-07,1251
2027-07-08,1411
2027-07-09,1100
2027-07-12,1200
2027-07-13,1078
2027-07-14,1166
2027-07-15,1430
2027-07-16,1122
2027-07-19,1145
2027-07-20,1154
2027-07-21,1275
2027-07-22,1335
2027-07-23,1232
2027-07-26,1183
2027-07-27,1126
2027-07-28,1199
2027-07-29,1211
2027-07-30,1161
2027-08-02,1115
2027-08-03,1142
2027-08-04,1173
2027-08-05,1274
2027-08-06,1241
2027-08-09,1151
2027-08-10,1169
2027-08-11,1167
2027-08-12,1163
2027-08-13,1233
2027-08-16,1101
2027-08-17,1048
2027-08-18,1064
2027-08-19,1132
2027-08-20,1014
2027-08-23,1086
2027-08-24,1114
2027-08-25,1088
2027-08-26,1296
2027-08-27,1148
2027-08-30,1079
2027-08-31,1081
2027-09-01,1074
2027-09-02,1168
2027-09-03,1169
2027-09-06,1154
2027-09-07,1114
2027-09-08,1112
2027-09-09,1336
2027-09-10,1123
2027-09-13,1185
2027-09-14,1113
2027-09-15,1129
2027-09-16,1302
2027-09-17,1088
2027-09-20,1068
2027-09-21,964
2027-09-22,971
2027-09-23,1105
2027-09-24,878
2027-09-27,998
2027-09-28,761
2027-09-29,850
2027-09-30,1345
2027-10-01,832
2027-10-04,1259
2027-10-05,1019
2027-10-06,988
2027-10-07,1127
2027-10-08,807
2027-10-11,1063
2027-10-12,1012
2027-10-13,969
2027-10-14,1001
2027-10-15,771
2027-10-18,1127
2027-10-19,1111
2027-10-20,1122
2027-10-21,1126
2027-10-22,745
2027-10-25,1122
2027-10-26,922
2027-10-27,1105
2027-10-28,966
2027-10-29,601
2027-11-01,1398
2027-11-02,954
2027-11-03,1140
2027-11-04,1248
2027-11-05,929
2027-11-08,1040
2027-11-09,972
2027-11-10,1043
2027-11-11,1074
2027-11-12,711
2027-11-15,1065
2027-11-16,934
2027-11-17,1019
2027-11-18,1296
2027-11-19,740
2027-11-22,1325
2027-11-23,986
2027-11-24,1078
2027-11-25,1157
2027-11-26,786
2027-11-29,944
2027-11-30,913
2027-12-01,1001
2027-12-02,1189
2027-12-03,701
2027-12-06,1057
2027-12-07,991
2027-12-08,1137
2027-12-09,1312
2027-12-10,907
2027-12-13,893
2027-12-14,776
2027-12-15,912
2027-12-16,1021
2027-12-17,685
2027-12-20,694
2027-12-21,669
2027-12-22,666
2027-12-23,752
2027-12-24,573
2027-12-27,568
2027-12-28,567
2027-12-29,591
2027-12-30,550
2027-12-31,503
