datum,forecast_services,planned_hours_assumption,capacity_services,load_pct,status
2027-01-04,1206,492.3,1156.0,104.3,TIGHT
2027-01-05,1321,492.3,1156.0,114.3,HIGH
2027-01-06,1359,492.3,1156.0,117.6,HIGH
2027-01-07,1384,492.3,1156.0,119.7,HIGH
2027-01-08,1236,492.3,1156.0,106.9,TIGHT
2027-01-11,1335,492.3,1156.0,115.5,HIGH
2027-01-12,1323,492.3,1156.0,114.4,HIGH
2027-01-13,1281,492.3,1156.0,110.8,HIGH
2027-01-14,1394,492.3,1156.0,120.6,HIGH
2027-01-15,1089,492.3,1156.0,94.2,OK
2027-01-18,1327,492.3,1156.0,114.8,HIGH
2027-01-19,999,492.3,1156.0,86.4,OK
2027-01-20,1208,492.3,1156.0,104.5,TIGHT
2027-01-21,1379,492.3,1156.0,119.3,HIGH
2027-01-22,1251,492.3,1156.0,108.2,TIGHT
2027-01-25,1248,492.3,1156.0,108.0,TIGHT
2027-01-26,1090,492.3,1156.0,94.3,OK
2027-01-27,1384,492.3,1156.0,119.7,HIGH
2027-01-28,1241,492.3,1156.0,107.4,TIGHT
2027-01-29,1048,492.3,1156.0,90.7,OK
2027-02-01,1348,492.3,1156.0,116.6,HIGH
2027-02-02,1299,492.3,1156.0,112.4,HIGH
2027-02-03,997,492.3,1156.0,86.2,OK
2027-02-04,1290,492.3,1156.0,111.6,HIGH
2027-02-05,1352,492.3,1156.0,117.0,HIGH
2027-02-08,1198,492.3,1156.0,103.6,TIGHT
2027-02-09,1113,492.3,1156.0,96.3,OK
2027-02-10,1174,492.3,1156.0,101.6,TIGHT
2027-02-11,1423,492.3,1156.0,123.1,HIGH
2027-02-12,1165,492.3,1156.0,100.8,TIGHT
2027-02-15,1245,492.3,1156.0,107.7,TIGHT
2027-02-16,1239,492.3,1156.0,107.2,TIGHT
2027-02-17,1165,492.3,1156.0,100.8,TIGHT
2027-02-18,1151,492.3,1156.0,99.6,OK
2027-02-19,1268,492.3,1156.0,109.7,TIGHT
2027-02-22,1322,492.3,1156.0,114.4,HIGH
2027-02-23,1304,492.3,1156.0,112.8,HIGH
2027-02-24,1049,492.3,1156.0,90.7,OK
2027-02-25,1423,492.3,1156.0,123.1,HIGH
2027-02-26,1283,492.3,1156.0,111.0,HIGH
2027-03-01,977,492.3,1156.0,84.5,OK
2027-03-02,1043,492.3,1156.0,90.2,OK
2027-03-03,1073,492.3,1156.0,92.8,OK
2027-03-04,1132,492.3,1156.0,97.9,OK
2027-03-05,984,492.3,1156.0,85.1,OK
2027-03-08,1091,492.3,1156.0,94.4,OK
2027-03-09,1184,492.3,1156.0,102.4,TIGHT
2027-03-10,1086,492.3,1156.0,93.9,OK
2027-03-11,1191,492.3,1156.0,103.0,TIGHT
2027-03-12,1267,492.3,1156.0,109.6,TIGHT
2027-03-15,1161,492.3,1156.0,100.4,TIGHT
2027-03-16,1144,492.3,1156.0,99.0,OK
2027-03-17,1210,492.3,1156.0,104.7,TIGHT
2027-03-18,1267,492.3,1156.0,109.6,TIGHT
2027-03-19,1293,492.3,1156.0,111.9,HIGH
2027-03-22,1126,492.3,1156.0,97.4,OK
2027-03-23,1152,492.3,1156.0,99.7,OK
2027-03-24,1346,492.3,1156.0,116.4,HIGH
2027-03-25,1214,492.3,1156.0,105.0,TIGHT
2027-03-26,1230,492.3,1156.0,106.4,TIGHT
2027-03-29,1309,492.3,1156.0,113.2,HIGH
2027-03-30,1248,492.3,1156.0,108.0,TIGHT
2027-03-31,1195,492.3,1156.0,103.4,TIGHT
2027-04-01,1286,492.3,1156.0,111.2,HIGH
2027-04-02,1302,492.3,1156.0,112.6,HIGH
2027-04-05,1215,492.3,1156.0,105.1,TIGHT
2027-04-06,1158,492.3,1156.0,100.2,TIGHT
2027-04-07,1292,492.3,1156.0,111.8,HIGH
2027-04-08,1253,492.3,1156.0,108.4,TIGHT
2027-04-09,1285,492.3,1156.0,111.2,HIGH
2027-04-12,1200,492.3,1156.0,103.8,TIGHT
2027-04-13,1113,492.3,1156.0,96.3,OK
2027-04-14,1289,492.3,1156.0,111.5,HIGH
2027-04-15,1321,492.3,1156.0,114.3,HIGH
2027-04-16,1108,492.3,1156.0,95.8,OK
2027-04-19,1267,492.3,1156.0,109.6,TIGHT
2027-04-20,1056,492.3,1156.0,91.3,OK
2027-04-21,1039,492.3,1156.0,89.9,OK
2027-04-22,1353,492.3,1156.0,117.0,HIGH
2027-04-23,1164,492.3,1156.0,100.7,TIGHT
2027-04-26,1124,492.3,1156.0,97.2,OK
2027-04-27,1205,492.3,1156.0,104.2,TIGHT
2027-04-28,1237,492.3,1156.0,107.0,TIGHT
2027-04-29,1363,492.3,1156.0,117.9,HIGH
2027-04-30,1314,492.3,1156.0,113.7,HIGH
2027-05-03,1301,492.3,1156.0,112.5,HIGH
2027-05-04,1127,492.3,1156.0,97.5,OK
2027-05-05,1230,492.3,1156.0,106.4,TIGHT
2027-05-06,1330,492.3,1156.0,115.1,HIGH
2027-05-07,1127,492.3,1156.0,97.5,OK
2027-05-10,1325,492.3,1156.0,114.6,HIGH
2027-05-11,1186,492.3,1156.0,102.6,TIGHT
2027-05-12,1175,492.3,1156.0,101.6,TIGHT
2027-05-13,1258,492.3,1156.0,108.8,TIGHT
2027-05-14,1298,492.3,1156.0,112.3,HIGH
2027-05-17,1220,492.3,1156.0,105.5,TIGHT
2027-05-18,1227,492.3,1156.0,106.1,TIGHT
2027-05-19,1183,492.3,1156.0,102.3,TIGHT
2027-05-20,1233,492.3,1156.0,106.7,TIGHT
2027-05-21,1317,492.3,1156.0,113.9,HIGH
2027-05-24,1220,492.3,1156.0,105.5,TIGHT
2027-05-25,1178,492.3,1156.0,101.9,TIGHT
2027-05-26,1174,492.3,1156.0,101.6,TIGHT
2027-05-27,1226,492.3,1156.0,106.1,TIGHT
2027-05-28,1110,492.3,1156.0,96.0,OK
2027-05-31,1241,492.3,1156.0,107.4,TIGHT
2027-06-01,1263,492.3,1156.0,109.3,TIGHT
2027-06-02,1158,492.3,1156.0,100.2,TIGHT
2027-06-03,1273,492.3,1156.0,110.1,HIGH
2027-06-04,1400,492.3,1156.0,121.1,HIGH
2027-06-07,966,492.3,1156.0,83.6,OK
2027-06-08,1060,492.3,1156.0,91.7,OK
2027-06-09,1093,492.3,1156.0,94.6,OK
2027-06-10,1260,492.3,1156.0,109.0,TIGHT
2027-06-11,1230,492.3,1156.0,106.4,TIGHT
2027-06-14,1186,492.3,1156.0,102.6,TIGHT
2027-06-15,1211,492.3,1156.0,104.8,TIGHT
2027-06-16,1178,492.3,1156.0,101.9,TIGHT
2027-06-17,1313,492.3,1156.0,113.6,HIGH
2027-06-18,1246,492.3,1156.0,107.8,TIGHT
2027-06-21,1270,492.3,1156.0,109.9,TIGHT
2027-06-22,1205,492.3,1156.0,104.2,TIGHT
2027-06-23,1137,492.3,1156.0,98.4,OK
2027-06-24,1384,492.3,1156.0,119.7,HIGH
2027-06-25,1203,492.3,1156.0,104.1,TIGHT
2027-06-28,1151,492.3,1156.0,99.6,OK
2027-06-29,1110,492.3,1156.0,96.0,OK
2027-06-30,1177,492.3,1156.0,101.8,TIGHT
2027-07-01,1358,492.3,1156.0,117.5,HIGH
2027-07-02,1071,492.3,1156.0,92.6,OK
2027-07-05,1181,492.3,1156.0,102.2,TIGHT
2027-07-06,1085,492.3,1156.0,93.9,OK
2027-07-07,1251,492.3,1156.0,108.2,TIGHT
2027-07-08,1411,492.3,1156.0,122.1,HIGH
2027-07-09,1100,492.3,1156.0,95.2,OK
2027-07-12,1200,492.3,1156.0,103.8,TIGHT
2027-07-13,1078,492.3,1156.0,93.3,OK
2027-07-14,1166,492.3,1156.0,100.9,TIGHT
2027-07-15,1430,492.3,1156.0,123.7,HIGH
2027-07-16,1122,492.3,1156.0,97.1,OK
2027-07-19,1145,492.3,1156.0,99.0,OK
2027-07-20,1154,492.3,1156.0,99.8,OK
2027-07-21,1275,492.3,1156.0,110.3,HIGH
2027-07-22,1335,492.3,1156.0,115.5,HIGH
2027-07-23,1232,492.3,1156.0,106.6,TIGHT
2027-07-26,1183,492.3,1156.0,102.3,TIGHT
2027-07-27,1126,492.3,1156.0,97.4,OK
2027-07-28,1199,492.3,1156.0,103.7,TIGHT
2027-07-29,1211,492.3,1156.0,104.8,TIGHT
2027-07-30,1161,492.3,1156.0,100.4,TIGHT
2027-08-02,1115,492.3,1156.0,96.5,OK
2027-08-03,1142,492.3,1156.0,98.8,OK
2027-08-04,1173,492.3,1156.0,101.5,TIGHT
2027-08-05,1274,492.3,1156.0,110.2,HIGH
2027-08-06,1241,492.3,1156.0,107.4,TIGHT
2027-08-09,1151,492.3,1156.0,99.6,OK
2027-08-10,1169,492.3,1156.0,101.1,TIGHT
2027-08-11,1167,492.3,1156.0,101.0,TIGHT
2027-08-12,1163,492.3,1156.0,100.6,TIGHT
2027-08-13,1233,492.3,1156.0,106.7,TIGHT
2027-08-16,1101,492.3,1156.0,95.2,OK
2027-08-17,1048,492.3,1156.0,90.7,OK
2027-08-18,1064,492.3,1156.0,92.0,OK
2027-08-19,1132,492.3,1156.0,97.9,OK
2027-08-20,1014,492.3,1156.0,87.7,OK
2027-08-23,1086,492.3,1156.0,93.9,OK
2027-08-24,1114,492.3,1156.0,96.4,OK
2027-08-25,1088,492.3,1156.0,94.1,OK
2027-08-26,1296,492.3,1156.0,112.1,HIGH
2027-08-27,1148,492.3,1156.0,99.3,OK
2027-08-30,1079,492.3,1156.0,93.3,OK
2027-08-31,1081,492.3,1156.0,93.5,OK
2027-09-01,1074,492.3,1156.0,92.9,OK
2027-09-02,1168,492.3,1156.0,101.0,TIGHT
2027-09-03,1169,492.3,1156.0,101.1,TIGHT
2027-09-06,1154,492.3,1156.0,99.8,OK
2027-09-07,1114,492.3,1156.0,96.4,OK
2027-09-08,1112,492.3,1156.0,96.2,OK
2027-09-09,1336,492.3,1156.0,115.6,HIGH
2027-09-10,1123,492.3,1156.0,97.1,OK
2027-09-13,1185,492.3,1156.0,102.5,TIGHT
2027-09-14,1113,492.3,1156.0,96.3,OK
2027-09-15,1129,492.3,1156.0,97.7,OK
2027-09-16,1302,492.3,1156.0,112.6,HIGH
2027-09-17,1088,492.3,1156.0,94.1,OK
2027-09-20,1068,492.3,1156.0,92.4,OK
2027-09-21,964,492.3,1156.0,83.4,OK
2027-09-22,971,492.3,1156.0,84.0,OK
2027-09-23,1105,492.3,1156.0,95.6,OK
2027-09-24,878,492.3,1156.0,76.0,OK
2027-09-27,998,492.3,1156.0,86.3,OK
2027-09-28,761,492.3,1156.0,65.8,OK
2027-09-29,850,492.3,1156.0,73.5,OK
2027-09-30,1345,492.3,1156.0,116.3,HIGH
2027-10-01,832,492.3,1156.0,72.0,OK
2027-10-04,1259,492.3,1156.0,108.9,TIGHT
2027-10-05,1019,492.3,1156.0,88.1,OK
2027-10-06,988,492.3,1156.0,85.5,OK
2027-10-07,1127,492.3,1156.0,97.5,OK
2027-10-08,807,492.3,1156.0,69.8,OK
2027-10-11,1063,492.3,1156.0,92.0,OK
2027-10-12,1012,492.3,1156.0,87.5,OK
2027-10-13,969,492.3,1156.0,83.8,OK
2027-10-14,1001,492.3,1156.0,86.6,OK
2027-10-15,771,492.3,1156.0,66.7,OK
2027-10-18,1127,492.3,1156.0,97.5,OK
2027-10-19,1111,492.3,1156.0,96.1,OK
2027-10-20,1122,492.3,1156.0,97.1,OK
2027-10-21,1126,492.3,1156.0,97.4,OK
2027-10-22,745,492.3,1156.0,64.4,OK
2027-10-25,1122,492.3,1156.0,97.1,OK
2027-10-26,922,492.3,1156.0,79.8,OK
2027-10-27,1105,492.3,1156.0,95.6,OK
2027-10-28,966,492.3,1156.0,83.6,OK
2027-10-29,601,492.3,1156.0,52.0,OK
2027-11-01,1398,492.3,1156.0,120.9,HIGH
2027-11-02,954,492.3,1156.0,82.5,OK
2027-11-03,1140,492.3,1156.0,98.6,OK
2027-11-04,1248,492.3,1156.0,108.0,TIGHT
2027-11-05,929,492.3,1156.0,80.4,OK
2027-11-08,1040,492.3,1156.0,90.0,OK
2027-11-09,972,492.3,1156.0,84.1,OK
2027-11-10,1043,492.3,1156.0,90.2,OK
2027-11-11,1074,492.3,1156.0,92.9,OK
2027-11-12,711,492.3,1156.0,61.5,OK
2027-11-15,1065,492.3,1156.0,92.1,OK
2027-11-16,934,492.3,1156.0,80.8,OK
2027-11-17,1019,492.3,1156.0,88.1,OK
2027-11-18,1296,492.3,1156.0,112.1,HIGH
2027-11-19,740,492.3,1156.0,64.0,OK
2027-11-22,1325,492.3,1156.0,114.6,HIGH
2027-11-23,986,492.3,1156.0,85.3,OK
2027-11-24,1078,492.3,1156.0,93.3,OK
2027-11-25,1157,492.3,1156.0,100.1,TIGHT
2027-11-26,786,492.3,1156.0,68.0,OK
2027-11-29,944,492.3,1156.0,81.7,OK
2027-11-30,913,492.3,1156.0,79.0,OK
2027-12-01,1001,492.3,1156.0,86.6,OK
2027-12-02,1189,492.3,1156.0,102.9,TIGHT
2027-12-03,701,492.3,1156.0,60.6,OK
2027-12-06,1057,492.3,1156.0,91.4,OK
2027-12-07,991,492.3,1156.0,85.7,OK
2027-12-08,1137,492.3,1156.0,98.4,OK
2027-12-09,1312,492.3,1156.0,113.5,HIGH
2027-12-10,907,492.3,1156.0,78.5,OK
2027-12-13,893,492.3,1156.0,77.2,OK
2027-12-14,776,492.3,1156.0,67.1,OK
2027-12-15,912,492.3,1156.0,78.9,OK
2027-12-16,1021,492.3,1156.0,88.3,OK
2027-12-17,685,492.3,1156.0,59.3,OK
2027-12-20,694,492.3,1156.0,60.0,OK
2027-12-21,669,492.3,1156.0,57.9,OK
2027-12-22,666,492.3,1156.0,57.6,OK
2027-12-23,752,492.3,1156.0,65.1,OK
2027-12-24,573,492.3,1156.0,49.6,OK
2027-12-27,568,492.3,1156.0,49.1,OK
2027-12-28,567,492.3,1156.0,49.0,OK
2027-12-29,591,492.3,1156.0,51.1,OK
2027-12-30,550,492.3,1156.0,47.6,OK
2027-12-31,503,492.3,1156.0,43.5,OK
