week_start,kalenderwoche,MESSRAUM,total_forecast,room_share,room_forecast,seasonal_factor,years_observed,confidence
2027-01-04,1,MR7,6506.0,0.5584430883157205,3633.230732582078,0.9142253090505097,1,LOW
2027-01-04,1,MR5,6506.0,0.15065637324854686,980.1703643550459,0.8976204244953936,1,LOW
2027-01-04,1,MR6,6506.0,0.10871749681204637,707.3160342591736,0.9406712460925302,1,LOW
2027-01-04,1,MR11,6506.0,0.0609519768631088,396.5535614713858,0.8859436135869294,1,LOW
2027-01-04,1,MR3,6506.0,0.060240732462160496,391.9262053988162,0.9045509802917135,1,LOW
2027-01-04,1,MR2,6506.0,0.029990967099036026,195.12123194632838,0.8706448734296652,1,LOW
2027-01-04,1,MR1,6506.0,0.010665614113321478,69.39048542126953,1.0899430920012647,1,LOW
2027-01-04,1,MR8,6506.0,0.006059303401134279,39.42182792777962,0.85,1,LOW
2027-01-04,1,MR4,6506.0,0.005457994375772856,35.5097114087782,0.8683691077747521,1,LOW
2027-01-04,1,MR9,6506.0,0.003833433674644578,24.940319487237623,0.8501489871020758,1,LOW
2027-01-04,1,MR12,6506.0,0.0030655025790238505,19.944159779129173,0.85,1,LOW
2027-01-04,1,MR14,6506.0,0.001917517055483952,12.475365962978591,0.85,1,LOW
2027-01-11,2,MR7,6422.0,0.5937033889869268,3812.7631640740437,0.8100850697765681,3,HIGH
2027-01-11,2,MR5,6422.0,0.139312270886026,894.663403630059,0.6918012929485401,3,HIGH
2027-01-11,2,MR6,6422.0,0.09447643705351613,606.7276787576806,0.6813161936162239,3,HIGH
2027-01-11,2,MR3,6422.0,0.061519221014447005,395.07643735477865,0.7699108015967252,3,HIGH
2027-01-11,2,MR11,6422.0,0.04796107539585911,308.0060261922072,0.5810238754125207,3,HIGH
2027-01-11,2,MR2,6422.0,0.026911281789758875,172.82425165383148,0.6511360502170944,3,HIGH
2027-01-11,2,MR1,6422.0,0.011750505066503658,75.46174353708649,1.0008322029922594,3,HIGH
2027-01-11,2,MR8,6422.0,0.011140240137251924,71.54262216143185,1.3024994826460927,3,HIGH
2027-01-11,2,MR9,6422.0,0.00542972980898865,34.86972483332511,1.0036264246668334,3,HIGH
2027-01-11,2,MR4,6422.0,0.004278975149854291,27.47957841236426,0.56741109784334,3,HIGH
2027-01-11,2,MR12,6422.0,0.0021635452570986135,13.894287641087296,0.5,3,HIGH
2027-01-11,2,MR14,6422.0,0.0013533294537690635,8.691081752104926,0.5,3,HIGH
2027-01-18,3,MR7,6164.0,0.5508793927790501,3395.6205770900647,0.9819086194266354,3,HIGH
2027-01-18,3,MR5,6164.0,0.17289295577202987,1065.7121793787921,1.1215605954622476,3,HIGH
2027-01-18,3,MR6,6164.0,0.10017202070060705,617.4603355985419,0.9436807263712097,3,HIGH
2027-01-18,3,MR11,6164.0,0.06945422579666108,428.1158478106189,1.0991505629968998,3,HIGH
2027-01-18,3,MR3,6164.0,0.059804882782141994,368.63729746912327,0.9777316509254721,3,HIGH
2027-01-18,3,MR2,6164.0,0.025430493697239133,156.75356314978202,0.8037955438135134,3,HIGH
2027-01-18,3,MR1,6164.0,0.006519507849493302,40.186246384276714,0.7253923898299899,3,HIGH
2027-01-18,3,MR4,6164.0,0.005216011423929869,32.15149441710371,0.903545528680229,3,HIGH
2027-01-18,3,MR8,6164.0,0.0038111085005117108,23.491672797154184,0.5820868199449217,3,HIGH
2027-01-18,3,MR9,6164.0,0.002934765621533549,18.089895291132795,0.7086319625567186,3,HIGH
2027-01-18,3,MR12,6164.0,0.0016994036851180614,10.475124315067731,0.513043301318574,3,HIGH
2027-01-18,3,MR14,6164.0,0.0011852313916842433,7.305766298341676,0.5720356056027398,3,HIGH
2027-01-25,4,MR7,6011.0,0.5048164190578966,3034.4514949570166,0.7804798003177255,3,HIGH
2027-01-25,4,MR5,6011.0,0.15892433459230498,955.2941752343453,0.8942305343811445,3,HIGH
2027-01-25,4,MR6,6011.0,0.11208538792009613,673.7452667876978,0.9158857452753791,3,HIGH
2027-01-25,4,MR3,6011.0,0.09261540197802896,556.7111812899321,1.3133482411480153,3,HIGH
2027-01-25,4,MR11,6011.0,0.07215347134966167,433.7145162828163,0.990442783857943,3,HIGH
2027-01-25,4,MR2,6011.0,0.026946865325760905,161.9776074731488,0.7387758742800126,3,HIGH
2027-01-25,4,MR1,6011.0,0.011538737710320697,69.3593523767377,1.113602337511346,3,HIGH
2027-01-25,4,MR4,6011.0,0.006851225849479451,41.18271858122098,1.0294219903598316,3,HIGH
2027-01-25,4,MR8,6011.0,0.005290115365026164,31.798883459172274,0.7008341336842496,3,HIGH
2027-01-25,4,MR9,6011.0,0.004350895819850948,26.153234773124048,0.9112544213798277,3,HIGH
2027-01-25,4,MR12,6011.0,0.0032327817642218704,19.432251184737662,0.8465400381809303,3,HIGH
2027-01-25,4,MR14,6011.0,0.0011943632673515586,7.179317600050219,0.5,3,HIGH
2027-02-01,5,MR7,6286.0,0.6036980701316339,3794.8460688474506,1.04982187187889,3,HIGH
2027-02-01,5,MR5,6286.0,0.12009672538234843,754.9280157534422,0.7600775280636826,3,HIGH
2027-02-01,5,MR6,6286.0,0.10626630789244215,667.9900114118914,0.9766872664225085,3,HIGH
2027-02-01,5,MR11,6286.0,0.06570869001417647,413.04482542911325,1.0145246520138507,3,HIGH
2027-02-01,5,MR3,6286.0,0.05370434053094165,337.5854845774992,0.8565913846873717,3,HIGH
2027-02-01,5,MR2,6286.0,0.0213409886153325,134.1494544359801,0.6580920132296617,3,HIGH
2027-02-01,5,MR1,6286.0,0.008722906341841006,54.83218926481256,0.9468924969149338,3,HIGH
2027-02-01,5,MR8,6286.0,0.007681734918738839,48.28738569919234,1.144661438296924,3,HIGH
2027-02-01,5,MR4,6286.0,0.004909935797605342,30.86385642374718,0.8297907777664517,3,HIGH
2027-02-01,5,MR9,6286.0,0.003978896166180766,25.011341300612298,0.9373271642430955,3,HIGH
2027-02-01,5,MR12,6286.0,0.002583437452451634,16.23948782611097,0.7609159723558226,3,HIGH
2027-02-01,5,MR14,6286.0,0.001307966756307293,8.221879030147644,0.6158825587683303,3,HIGH
2027-02-08,6,MR7,6073.0,0.5761190924431228,3498.7712484070844,0.908938269464491,3,HIGH
2027-02-08,6,MR5,6073.0,0.146648472578207,890.5961739674511,0.8420358127242841,3,HIGH
2027-02-08,6,MR6,6073.0,0.09906054537287746,601.5946920494848,0.8260131109027232,3,HIGH
2027-02-08,6,MR3,6073.0,0.05967485992639199,362.40542433297855,0.8635391157151737,3,HIGH
2027-02-08,6,MR11,6073.0,0.056165737092569425,341.0945213631741,0.7867514469473473,3,HIGH
2027-02-08,6,MR2,6073.0,0.03404790821344106,206.77294658022754,0.9525522642692934,3,HIGH
2027-02-08,6,MR1,6073.0,0.008935274617915684,54.26392275460195,0.879981744566714,3,HIGH
2027-02-08,6,MR4,6073.0,0.005873948489565095,35.672489177128824,0.900635821525826,3,HIGH
2027-02-08,6,MR8,6073.0,0.00532865148689912,32.36090047993836,0.7203794989891701,3,HIGH
2027-02-08,6,MR9,6073.0,0.0036084094978415912,21.913870880391983,0.7712065454285613,3,HIGH
2027-02-08,6,MR12,6073.0,0.0023596927351985384,14.330413980860724,0.6305514036671451,3,HIGH
2027-02-08,6,MR14,6073.0,0.0021774075459703463,13.223396026677912,0.9301804667536131,3,HIGH
2027-02-15,7,MR7,6068.0,0.5637546735421795,3420.863359053945,0.9416720099782199,3,HIGH
2027-02-15,7,MR5,6068.0,0.16032773905296063,972.8687205733651,0.9746508647784738,3,HIGH
2027-02-15,7,MR6,6068.0,0.07873121788006195,477.74103009621587,0.6950572550643699,3,HIGH
2027-02-15,7,MR3,6068.0,0.07800334283022117,473.32428429378206,1.1950641167282274,3,HIGH
2027-02-15,7,MR11,6068.0,0.053694240199770295,325.81664953220616,0.7963081747837392,3,HIGH
2027-02-15,7,MR2,6068.0,0.03094360824817533,187.7658148499279,0.9165511732576856,3,HIGH
2027-02-15,7,MR4,6068.0,0.010658071740853026,64.67317932349616,1.7301553785440724,3,HIGH
2027-02-15,7,MR1,6068.0,0.009712808835837198,58.93732401586011,1.012740048749146,3,HIGH
2027-02-15,7,MR8,6068.0,0.006292961735552657,38.18569181133352,0.9007131524628699,3,HIGH
2027-02-15,7,MR9,6068.0,0.003106448182791821,18.84992757318077,0.702920790310479,3,HIGH
2027-02-15,7,MR14,6068.0,0.002665164557944136,16.172218537605016,1.2054214248603026,3,HIGH
2027-02-15,7,MR12,6068.0,0.0021097231936524335,12.801800339082966,0.5968674618560668,3,HIGH
2027-02-22,8,MR7,6381.0,0.5377125379148654,3431.1437044347563,1.0096927876222137,3,HIGH
2027-02-22,8,MR5,6381.0,0.1369784386862265,874.0594172568113,0.9360999033493145,3,HIGH
2027-02-22,8,MR6,6381.0,0.10610404805479288,677.0499306376335,1.0530164339993584,3,HIGH
2027-02-22,8,MR11,6381.0,0.07420134062018097,473.4787544973747,1.2370715215448274,3,HIGH
2027-02-22,8,MR3,6381.0,0.0732367610288771,467.32377212526484,1.2613531756741776,3,HIGH
2027-02-22,8,MR2,6381.0,0.028656510486038046,182.8571934114088,0.9541983318524201,3,HIGH
2027-02-22,8,MR1,6381.0,0.012642550693070439,80.67211597248247,1.4818949955636238,3,HIGH
2027-02-22,8,MR8,6381.0,0.011271650325686045,71.92440072820266,1.8136292243936347,3,HIGH
2027-02-22,8,MR4,6381.0,0.011271535101737517,71.9236654841871,2.056928142884187,3,HIGH
2027-02-22,8,MR9,6381.0,0.004164145602726286,26.57141309099643,1.0592482761084712,3,HIGH
2027-02-22,8,MR12,6381.0,0.0022259681078151644,14.203902495968563,0.7079473310345847,3,HIGH
2027-02-22,8,MR14,6381.0,0.00153451337798356,9.791729864913096,0.7802165176914676,3,HIGH
2027-03-01,9,MR7,5209.0,0.5215566194223232,2716.7884305708817,0.9163148389676108,3,HIGH
2027-03-01,9,MR5,5209.0,0.17731993632862686,923.6595483358174,1.1337876509329097,3,HIGH
2027-03-01,9,MR6,5209.0,0.11166156195702982,581.6450762341683,1.0368383718390186,3,HIGH
2027-03-01,9,MR3,5209.0,0.06026419777358073,313.91620620258203,0.9711160294114274,3,HIGH
2027-03-01,9,MR11,5209.0,0.05175469992440948,269.59023190624896,0.8073038417545877,3,HIGH
2027-03-01,9,MR2,5209.0,0.047675244942341204,248.34035090465534,1.4852940727050745,3,HIGH
2027-03-01,9,MR8,5209.0,0.008057879624334217,41.97349496315694,1.2130702168641454,3,HIGH
2027-03-01,9,MR1,5209.0,0.006474731956435408,33.726878761072044,0.7100823024282786,3,HIGH
2027-03-01,9,MR4,5209.0,0.006038001442444247,31.451949513692085,1.0309400984403898,3,HIGH
2027-03-01,9,MR9,5209.0,0.004486105742407515,23.368124812200744,1.067690878559434,3,HIGH
2027-03-01,9,MR12,5209.0,0.003628604073174666,18.901398617166837,1.0797563375904577,3,HIGH
2027-03-01,9,MR14,5209.0,0.0010824168128924542,5.638309178356794,0.5149240279500801,3,HIGH
2027-03-08,10,MR7,5819.0,0.5352062823641235,3114.3653570768347,0.8907357905772225,3,HIGH
2027-03-08,10,MR5,5819.0,0.16084005935805526,935.9283054045236,0.974210537624259,3,HIGH
2027-03-08,10,MR6,5819.0,0.1210501560284648,704.3908579296367,1.0647733158135901,3,HIGH
2027-03-08,10,MR11,5819.0,0.05676196211823843,330.29785756602945,0.8387433043527177,3,HIGH
2027-03-08,10,MR3,5819.0,0.047649869558204126,277.2745909591898,0.7273742150746947,3,HIGH
2027-03-08,10,MR2,5819.0,0.045082264448495744,262.3336968257967,1.3304840714597324,3,HIGH
2027-03-08,10,MR4,5819.0,0.009385275921844807,54.61292058921494,1.5179997742860887,3,HIGH
2027-03-08,10,MR1,5819.0,0.00862251382591229,50.174407952983614,0.8957879922082955,3,HIGH
2027-03-08,10,MR9,5819.0,0.005706024869319527,33.20335871457033,1.2864536067740897,3,HIGH
2027-03-08,10,MR12,5819.0,0.004525579004859009,26.334344229274574,1.2756888846136771,3,HIGH
2027-03-08,10,MR8,5819.0,0.003916172417828591,22.78820729934457,0.5584848693880367,3,HIGH
2027-03-08,10,MR14,5819.0,0.0012538400846541253,7.296095452602355,0.5650348315678977,3,HIGH
2027-03-15,11,MR7,6075.0,0.5346234123656569,3247.837230121366,0.9384274799862183,3,HIGH
2027-03-15,11,MR5,6075.0,0.1442065040967951,876.0545123880303,0.9212308849533632,3,HIGH
2027-03-15,11,MR6,6075.0,0.09427468123549816,572.7186885056514,0.8746049291573417,3,HIGH
2027-03-15,11,MR2,6075.0,0.07258523241887758,440.95528694468135,2.2593175294546395,3,HIGH
2027-03-15,11,MR11,6075.0,0.07137796123893385,433.6211145265231,1.1123996629518975,3,HIGH
2027-03-15,11,MR3,6075.0,0.04707431975865409,285.9764925338236,0.7578884371987122,3,HIGH
2027-03-15,11,MR1,6075.0,0.011415647482644493,69.3500584570653,1.2508260838526104,3,HIGH
2027-03-15,11,MR8,6075.0,0.006820816392308756,41.43645958327569,1.0259141245575962,3,HIGH
2027-03-15,11,MR12,6075.0,0.006731598957264067,40.894463665379206,2.0013078448492743,3,HIGH
2027-03-15,11,MR4,6075.0,0.005033369317819705,30.577718605754708,0.8586348312970541,3,HIGH
2027-03-15,11,MR9,6075.0,0.004804466059225637,29.187131309795745,1.1424327414341349,3,HIGH
2027-03-15,11,MR14,6075.0,0.0010519906763217233,6.390843358654469,0.5,3,HIGH
2027-03-22,12,MR7,6068.0,0.5093966080127458,3091.0186174213413,1.0302079115064111,3,HIGH
2027-03-22,12,MR5,6068.0,0.21037203220800296,1276.537491438162,1.5484162913793207,3,HIGH
2027-03-22,12,MR6,6068.0,0.09555798111562791,579.8458294096301,1.021409522735468,3,HIGH
2027-03-22,12,MR11,6068.0,0.06868165982746234,416.7603118330415,1.2332569753487674,3,HIGH
2027-03-22,12,MR3,6068.0,0.050143457075474705,304.2704975339805,0.930146999794331,3,HIGH
2027-03-22,12,MR2,6068.0,0.03107163782173813,188.54269830230697,1.114318228527203,3,HIGH
2027-03-22,12,MR4,6068.0,0.011476527463412996,69.63956864799006,2.255673792430575,3,HIGH
2027-03-22,12,MR1,6068.0,0.008979887295517509,54.48995610920024,1.1336613872089585,3,HIGH
2027-03-22,12,MR8,6068.0,0.004250543047044581,25.792295209466516,0.7366058399970286,3,HIGH
2027-03-22,12,MR9,6068.0,0.004082923076143392,24.775177226038107,1.1185948051020043,3,HIGH
2027-03-22,12,MR12,6068.0,0.00330308325238846,20.043109175493175,1.131439332277685,3,HIGH
2027-03-22,12,MR14,6068.0,0.0026836598044411067,16.284447693348636,1.4696085292277676,3,HIGH
2027-03-29,13,MR7,6340.0,0.56324455632001,3570.9704870688633,1.1685433375515004,3,HIGH
2027-03-29,13,MR5,6340.0,0.13930411275792337,883.1880748852342,1.0518229847193485,3,HIGH
2027-03-29,13,MR6,6340.0,0.10431020046454689,661.3266709452273,1.1437700111970304,3,HIGH
2027-03-29,13,MR11,6340.0,0.06767837247008535,429.0808814603411,1.246641824278714,3,HIGH
2027-03-29,13,MR3,6340.0,0.06500614530276838,412.13896121955156,1.2370029061254948,3,HIGH
2027-03-29,13,MR2,6340.0,0.0316565588697142,200.702583233988,1.1646294877211534,3,HIGH
2027-03-29,13,MR4,6340.0,0.007518153598373837,47.66509381369013,1.515849121171965,3,HIGH
2027-03-29,13,MR1,6340.0,0.006843049655217408,43.38493481407836,0.886219187582226,3,HIGH
2027-03-29,13,MR8,6340.0,0.00484774977741057,30.734733588783016,0.8618068120917547,3,HIGH
2027-03-29,13,MR9,6340.0,0.004527866701033606,28.706674884553063,1.2725481439136803,3,HIGH
2027-03-29,13,MR12,6340.0,0.003725523349419726,23.619818035321064,1.3091156970979534,3,HIGH
2027-03-29,13,MR14,6340.0,0.0013377107334965285,8.48108605036799,0.7514764979694839,3,HIGH
2027-04-05,14,MR7,6203.0,0.5910817496725643,3666.4800932189164,0.8811609282652136,3,HIGH
2027-04-05,14,MR5,6203.0,0.136765231562649,848.3547313831117,0.7420177331879135,3,HIGH
2027-04-05,14,MR6,6203.0,0.09237202514489061,572.9836719737565,0.7278003355792153,3,HIGH
2027-04-05,14,MR3,6203.0,0.06269323870243051,388.8861596711765,0.8572290349537857,3,HIGH
2027-04-05,14,MR11,6203.0,0.05173243993285454,320.89632490349675,0.6847225173758689,3,HIGH
2027-04-05,14,MR2,6203.0,0.0405628519010381,251.61137034213934,1.0722904062031802,3,HIGH
2027-04-05,14,MR1,6203.0,0.010301027224369255,63.89727187276249,0.9585877025690188,3,HIGH
2027-04-05,14,MR8,6203.0,0.003914176596241145,24.279637426483824,0.5,3,HIGH
2027-04-05,14,MR4,6203.0,0.0035785245847866965,22.197587999431878,0.5184521122453437,3,HIGH
2027-04-05,14,MR9,6203.0,0.0032581406810076835,20.21024664429066,0.6579763478509414,3,HIGH
2027-04-05,14,MR12,6203.0,0.001980247176314999,12.28347323468194,0.5,3,HIGH
2027-04-05,14,MR14,6203.0,0.0017603468208531607,10.919431329752156,0.7105772391343534,3,HIGH
2027-04-12,15,MR7,6031.0,0.5780622177505179,3486.2932352533735,0.9561913243611541,3,HIGH
2027-04-12,15,MR5,6031.0,0.1294534250235119,780.7336063168002,0.7793179102369843,3,HIGH
2027-04-12,15,MR6,6031.0,0.1249253606753712,753.4248502331637,1.0921566413837123,3,HIGH
2027-04-12,15,MR3,6031.0,0.06282042469704319,378.86998134786745,0.9531024093852333,3,HIGH
2027-04-12,15,MR11,6031.0,0.0501936713983683,302.71803220355923,0.7371623463985699,3,HIGH
2027-04-12,15,MR2,6031.0,0.02302315450643363,138.85264482830124,0.6753226238981967,3,HIGH
2027-04-12,15,MR1,6031.0,0.007515333909335361,45.32497880720156,0.7760007342967579,3,HIGH
2027-04-12,15,MR9,6031.0,0.005780940604241745,34.86485278418196,1.2953928328986386,3,HIGH
2027-04-12,15,MR14,6031.0,0.005581673437882767,33.66307250387097,2.5,3,HIGH
2027-04-12,15,MR8,6031.0,0.004744168990295093,28.612083180469707,0.6724380369204972,3,HIGH
2027-04-12,15,MR4,6031.0,0.004378774922867105,26.40839155981151,0.7039143160868488,3,HIGH
2027-04-12,15,MR12,6031.0,0.00352085408413183,21.234270981399067,0.9864183919612863,3,HIGH
2027-04-19,16,MR7,5879.0,0.5444856983163955,3201.031420402089,0.9034084024607638,3,HIGH
2027-04-19,16,MR5,5879.0,0.15205564171699334,893.9351176542039,0.9181868841916171,3,HIGH
2027-04-19,16,MR6,5879.0,0.11632999365659094,683.9040327070982,1.020125157495258,3,HIGH
2027-04-19,16,MR3,5879.0,0.061849186414834265,363.61136693281065,0.9412394575538239,3,HIGH
2027-04-19,16,MR11,5879.0,0.05686418840772226,334.3045636489992,0.8376844623481173,3,HIGH
2027-04-19,16,MR2,5879.0,0.033789387883905196,198.64781136947866,0.994155294958961,3,HIGH
2027-04-19,16,MR1,5879.0,0.012688719869092502,74.59698411039481,1.3141928344874712,3,HIGH
2027-04-19,16,MR8,5879.0,0.008114692030666953,47.70627444829102,1.1536965599944815,3,HIGH
2027-04-19,16,MR4,5879.0,0.006057710040356305,35.61327732725472,0.9767942435671535,3,HIGH
2027-04-19,16,MR9,5879.0,0.003743801030200326,22.009806256547716,0.8414787952409876,3,HIGH
2027-04-19,16,MR12,5879.0,0.002908052847642368,17.096442691289482,0.8172272949254881,3,HIGH
2027-04-19,16,MR14,5879.0,0.001112927785600067,6.542902451542794,0.5,3,HIGH
2027-04-26,17,MR7,6243.0,0.5334340607240413,3330.22884110019,0.9498319773068679,3,HIGH
2027-04-26,17,MR5,6243.0,0.17237044936895873,1076.1087154104093,1.117016929754987,3,HIGH
2027-04-26,17,MR6,6243.0,0.11396868167216137,711.5064796793034,1.0725453721389644,3,HIGH
2027-04-26,17,MR11,6243.0,0.05685372976900017,354.93783494786805,0.8988122257675384,3,HIGH
2027-04-26,17,MR3,6243.0,0.052145023384603376,325.5413809900789,0.851623026361563,3,HIGH
2027-04-26,17,MR2,6243.0,0.036266616398956654,226.41248617868638,1.145115622017959,3,HIGH
2027-04-26,17,MR1,6243.0,0.008461016206410156,52.82212417661861,0.9404424137966203,3,HIGH
2027-04-26,17,MR4,6243.0,0.00822682601016785,51.36007478147789,1.423624055278065,3,HIGH
2027-04-26,17,MR12,6243.0,0.0077170680727113574,48.17765597793701,2.327347831234369,3,HIGH
2027-04-26,17,MR8,6243.0,0.005991571461637526,37.40538063500308,0.9141736398898435,3,HIGH
2027-04-26,17,MR9,6243.0,0.0028626492601782306,17.871519331292692,0.6905051984708278,3,HIGH
2027-04-26,17,MR14,6243.0,0.0017023076711733406,10.627506791135165,0.8207473147352907,3,HIGH
2027-05-03,18,MR7,6115.0,0.5263773547743138,3218.797524444929,0.7280655362175837,3,HIGH
2027-05-03,18,MR5,6115.0,0.1668041538840343,1020.0074010008698,0.8396746381292189,3,HIGH
2027-05-03,18,MR6,6115.0,0.11416488884888859,698.1182953109537,0.8345837789479719,3,HIGH
2027-05-03,18,MR3,6115.0,0.07633045374913132,466.76072467593804,0.9683661626375173,3,HIGH
2027-05-03,18,MR11,6115.0,0.061114611233407334,373.7158476922859,0.7505200455335268,3,HIGH
2027-05-03,18,MR2,6115.0,0.029952789748579053,183.16130931256092,0.7346607053221961,3,HIGH
2027-05-03,18,MR1,6115.0,0.007393381413121554,45.210527341238304,0.6383517077498904,3,HIGH
2027-05-03,18,MR8,6115.0,0.005888273712533394,36.006793752141704,0.697883889864639,3,HIGH
2027-05-03,18,MR4,6115.0,0.004643687840982084,28.396151147605444,0.6242136418575527,3,HIGH
2027-05-03,18,MR9,6115.0,0.0034095507709382194,20.84940296428721,0.6388563364178784,3,HIGH
2027-05-03,18,MR12,6115.0,0.0022646035903670287,13.848050955094381,0.5305280955411185,3,HIGH
2027-05-03,18,MR14,6115.0,0.001656250433703338,10.12797140209591,0.62030410026402,3,HIGH
2027-05-10,19,MR7,6242.0,0.48209177116456586,3009.21683560922,0.7769621904736879,3,HIGH
2027-05-10,19,MR5,6242.0,0.1863439410701981,1163.1588801601765,1.0929903828619585,3,HIGH
2027-05-10,19,MR6,6242.0,0.12460354897238222,777.7753526856098,1.0613648080607245,3,HIGH
2027-05-10,19,MR3,6242.0,0.074860609557591,467.279924858483,1.1066034266438418,3,HIGH
2027-05-10,19,MR11,6242.0,0.061306305028081036,382.67395598528185,0.8772417136481824,3,HIGH
2027-05-10,19,MR2,6242.0,0.035645578231701905,222.49969932228328,1.0187135613201241,3,HIGH
2027-05-10,19,MR1,6242.0,0.011868159016459738,74.08104858074168,1.1939802963703303,3,HIGH
2027-05-10,19,MR12,6242.0,0.006073158447924364,37.90865503194388,1.657783064241635,3,HIGH
2027-05-10,19,MR9,6242.0,0.00558188926378976,34.84215278457568,1.2186644753295937,3,HIGH
2027-05-10,19,MR4,6242.0,0.004440086412897602,27.71501938930683,0.6954382126370666,3,HIGH
2027-05-10,19,MR8,6242.0,0.0036205781893086644,22.599649057664685,0.5,3,HIGH
2027-05-10,19,MR14,6242.0,0.003564374645099825,22.248826534713107,1.5554601266024113,3,HIGH
2027-05-17,20,MR7,6180.0,0.5383473199501801,3326.9864372921134,0.9722484196608654,3,HIGH
2027-05-17,20,MR5,6180.0,0.1768669645455692,1093.0378408916176,1.162498257698311,3,HIGH
2027-05-17,20,MR6,6180.0,0.10376169024226117,641.2472456971741,0.9904118616496262,3,HIGH
2027-05-17,20,MR11,6180.0,0.06173769926984982,381.5389814876719,0.9899405126506324,3,HIGH
2027-05-17,20,MR3,6180.0,0.05780607392642168,357.241536865286,0.9575393924890304,3,HIGH
2027-05-17,20,MR2,6180.0,0.03241334134750823,200.31444952760086,1.038041580683288,3,HIGH
2027-05-17,20,MR1,6180.0,0.009502710312153172,58.72674972910661,1.0712869570538384,3,HIGH
2027-05-17,20,MR9,6180.0,0.005261360746826882,32.51520941539013,1.2871985422844687,3,HIGH
2027-05-17,20,MR4,6180.0,0.004771024158392417,29.484929298865136,0.8373813181692418,3,HIGH
2027-05-17,20,MR8,6180.0,0.004562115700343188,28.193875028120903,0.7059970603685682,3,HIGH
2027-05-17,20,MR12,6180.0,0.003132338700345121,19.35785316813285,0.9581341660130526,3,HIGH
2027-05-17,20,MR14,6180.0,0.0018373611001488107,11.35489159891965,0.8984927527011695,3,HIGH
2027-05-24,21,MR7,5908.0,0.5368216535408173,3171.5423291191487,0.887073107061791,3,HIGH
2027-05-24,21,MR5,5908.0,0.1443843871103823,853.0229590481385,0.8683214293650235,3,HIGH
2027-05-24,21,MR6,5908.0,0.11937532989414133,705.2694490145869,1.0425768498673935,3,HIGH
2027-05-24,21,MR3,5908.0,0.07198123811553035,425.2651547865533,1.0909809951167,3,HIGH
2027-05-24,21,MR11,5908.0,0.06233962837056093,368.302524413274,0.9146134064515725,3,HIGH
2027-05-24,21,MR2,5908.0,0.03492389502759125,206.33037182300913,1.0233597198208846,3,HIGH
2027-05-24,21,MR1,5908.0,0.007448066914448973,44.003179330564535,0.768274810561635,3,HIGH
2027-05-24,21,MR4,5908.0,0.006672458550581518,39.420885116835606,1.0715494895953168,3,HIGH
2027-05-24,21,MR8,5908.0,0.00631947249097931,37.33544347670576,0.8948126648236486,3,HIGH
2027-05-24,21,MR9,5908.0,0.0056193124746222204,33.19889810006808,1.2578977455428917,3,HIGH
2027-05-24,21,MR12,5908.0,0.002997089122458404,17.70680253548425,0.8388261583768666,3,HIGH
2027-05-24,21,MR14,5908.0,0.0011174683878861366,6.602003235631295,0.5,3,HIGH
2027-05-31,22,MR7,6335.0,0.5510082206217343,3490.6370776386866,0.9661092432372831,3,HIGH
2027-05-31,22,MR5,6335.0,0.163259687433357,1034.2501198903167,1.0417848019138416,3,HIGH
2027-05-31,22,MR6,6335.0,0.12696284826543416,804.3096437615254,1.1765460241539323,3,HIGH
2027-05-31,22,MR3,6335.0,0.06311170645341382,399.8126603823766,1.0149544852273866,3,HIGH
2027-05-31,22,MR11,6335.0,0.045797707320709764,290.12847587669637,0.7129447292677134,3,HIGH
2027-05-31,22,MR2,6335.0,0.028376573336958553,179.76559208963243,0.8822757982606463,3,HIGH
2027-05-31,22,MR1,6335.0,0.00699875424441561,44.33710813837289,0.7660066494650852,3,HIGH
2027-05-31,22,MR8,6335.0,0.0034951065368699374,22.141499911071055,0.5251102361786913,3,HIGH
2027-05-31,22,MR9,6335.0,0.003020047364490372,19.132000054046507,0.7173228768444746,3,HIGH
2027-05-31,22,MR4,6335.0,0.002987650737172224,18.92676741998604,0.5090904457485692,3,HIGH
2027-05-31,22,MR12,6335.0,0.0029060150707272527,18.409605473057145,0.8629963150962663,3,HIGH
2027-05-31,22,MR14,6335.0,0.0020756826147170274,13.14944936423237,0.9854497354497355,3,HIGH
2027-06-07,23,MR7,5609.0,0.5914609691311394,3317.504575856561,1.0829140296984163,3,HIGH
2027-06-07,23,MR5,5609.0,0.14246244079465667,799.0718304172293,0.9492905733168815,3,HIGH
2027-06-07,23,MR6,5609.0,0.09655674931243358,541.58680689344,0.9343608452691718,3,HIGH
2027-06-07,23,MR11,5609.0,0.058201571123249675,326.45261243030745,0.9461207435371768,3,HIGH
2027-06-07,23,MR3,5609.0,0.05635223238836553,316.07967146634223,0.9463406596851355,3,HIGH
2027-06-07,23,MR2,5609.0,0.021022606370095974,117.91579912986832,0.682544081682236,3,HIGH
2027-06-07,23,MR8,5609.0,0.011218011457075565,62.92182626273684,1.7599716649244663,3,HIGH
2027-06-07,23,MR1,5609.0,0.008211755490421887,46.05973654577636,0.9385286528714063,3,HIGH
2027-06-07,23,MR14,5609.0,0.0050427419937648975,28.28473984302731,2.5,3,HIGH
2027-06-07,23,MR9,5609.0,0.0041535468475142525,23.29724426770744,1.030195791203687,3,HIGH
2027-06-07,23,MR4,5609.0,0.0030800620609257087,17.2760680997323,0.5480552198162252,3,HIGH
2027-06-07,23,MR12,5609.0,0.002237313030356969,12.54908878727224,0.6938052180604679,3,HIGH
2027-06-14,24,MR7,6134.0,0.5291412418433287,3245.752377466978,0.8468928203328578,3,HIGH
2027-06-14,24,MR5,6134.0,0.1698417091388554,1041.809043857739,0.9893092919267571,3,HIGH
2027-06-14,24,MR6,6134.0,0.1108522692215006,679.9678194046846,0.9377034881379238,3,HIGH
2027-06-14,24,MR3,6134.0,0.08258871089267521,506.5991526156697,1.2124002333463566,3,HIGH
2027-06-14,24,MR11,6134.0,0.05477003730134752,335.95940880646566,0.7782942858080404,3,HIGH
2027-06-14,24,MR2,6134.0,0.02396764793014446,147.0175524035061,0.6802342771704294,3,HIGH
2027-06-14,24,MR1,6134.0,0.007037122536597282,43.16570963948773,0.7030651790358275,3,HIGH
2027-06-14,24,MR9,6134.0,0.005194713187924801,31.864370694730727,1.1262924720425882,3,HIGH
2027-06-14,24,MR12,6134.0,0.005013249394056001,30.75127178313951,1.3589987864975657,3,HIGH
2027-06-14,24,MR4,6134.0,0.004620653840634495,28.34309065845199,0.7187158698722896,3,HIGH
2027-06-14,24,MR8,6134.0,0.004268529704611882,26.183161208089285,0.5854058442419837,3,HIGH
2027-06-14,24,MR14,6134.0,0.002704115008323682,16.587041461057467,1.1718914018513216,3,HIGH
2027-06-21,25,MR7,6199.0,0.5768994341312356,3576.199592179529,1.3076092522007854,3,HIGH
2027-06-21,25,MR5,6199.0,0.14617474966799124,906.1372731918777,1.205816239188318,3,HIGH
2027-06-21,25,MR6,6199.0,0.103669395905894,642.6465852206369,1.2419169216364248,3,HIGH
2027-06-21,25,MR11,6199.0,0.06450483649964729,399.86548146131355,1.298117835579279,3,HIGH
2027-06-21,25,MR3,6199.0,0.053169248583013695,329.5961719661019,1.1053679792526647,3,HIGH
2027-06-21,25,MR2,6199.0,0.0276552533589883,171.43491557236845,1.1115570829038939,3,HIGH
2027-06-21,25,MR8,6199.0,0.010998347654604085,68.17875711089073,2.1361277519248216,3,HIGH
2027-06-21,25,MR1,6199.0,0.007996354983503089,49.56940454273565,1.1313932261124087,3,HIGH
2027-06-21,25,MR4,6199.0,0.0032334496782176893,20.044154555271454,0.712263910529918,3,HIGH
2027-06-21,25,MR9,6199.0,0.002708977974013385,16.792954460908973,0.8317946336060595,3,HIGH
2027-06-21,25,MR14,6199.0,0.0016662873052984634,10.329315005545174,1.0226643763717913,3,HIGH
2027-06-21,25,MR12,6199.0,0.001323664257593187,8.205394732820166,0.5081578441093336,3,HIGH
2027-06-28,26,MR7,5867.0,0.5053121216626857,2964.666217794977,0.9506648708555774,3,HIGH
2027-06-28,26,MR5,5867.0,0.19134054437369613,1122.5949738404752,1.3101035776546848,3,HIGH
2027-06-28,26,MR6,5867.0,0.10224450242568091,599.8684957314699,1.016650784858279,3,HIGH
2027-06-28,26,MR11,5867.0,0.08587884784330621,503.8512002966775,1.4344912558127907,3,HIGH
2027-06-28,26,MR3,5867.0,0.05705121186120245,334.71945998967476,0.9844668318644695,3,HIGH
2027-06-28,26,MR2,5867.0,0.02690600443455675,157.85752801754444,0.8976213960517299,3,HIGH
2027-06-28,26,MR1,5867.0,0.00936109747746592,54.92155890029255,1.0993554506236423,3,HIGH
2027-06-28,26,MR9,5867.0,0.005790124925182726,33.970662936047056,1.4756672264103754,3,HIGH
2027-06-28,26,MR4,5867.0,0.005028292277693444,29.500990793227437,0.919359154519375,3,HIGH
2027-06-28,26,MR12,5867.0,0.004069616389772838,23.876439358797242,1.2967734894114513,3,HIGH
2027-06-28,26,MR8,5867.0,0.003985920740123982,23.3853969823074,0.6425668182469396,3,HIGH
2027-06-28,26,MR14,5867.0,0.003031715588632885,17.787075358509135,1.5444062728631867,3,HIGH
2027-07-05,27,MR7,6028.0,0.5656326493147558,3409.633610069348,1.0992612723409159,3,HIGH
2027-07-05,27,MR5,6028.0,0.16268857909833276,980.6867548047499,1.1506796216170654,3,HIGH
2027-07-05,27,MR6,6028.0,0.09135098587880865,550.6637428774585,0.938304505205458,3,HIGH
2027-07-05,27,MR11,6028.0,0.0627231687908078,378.09526147098944,1.0822769654107707,3,HIGH
2027-07-05,27,MR3,6028.0,0.05989716157128174,361.06008995168634,1.06768019163149,3,HIGH
2027-07-05,27,MR2,6028.0,0.029977890338550306,180.70672296078124,1.0331033779339083,3,HIGH
2027-07-05,27,MR1,6028.0,0.008383160966306862,50.533694304897764,1.0169928508051769,3,HIGH
2027-07-05,27,MR4,6028.0,0.004860309351624281,29.297944771591165,0.9179675554455302,3,HIGH
2027-07-05,27,MR8,6028.0,0.004839633760147751,29.17331230617064,0.8059365697578784,3,HIGH
2027-07-05,27,MR9,6028.0,0.004086642944968161,24.634283672268072,1.075885169173604,3,HIGH
2027-07-05,27,MR14,6028.0,0.0032184558448373935,19.40085183267981,1.6936332983427171,3,HIGH
2027-07-05,27,MR12,6028.0,0.00234136213957844,14.113730977378836,0.7706868867743034,3,HIGH
2027-07-12,28,MR7,5996.0,0.5651073416733129,3388.383620673184,1.088061584909293,3,HIGH
2027-07-12,28,MR5,5996.0,0.1598929225345409,958.7179635171073,1.1204246790354324,3,HIGH
2027-07-12,28,MR6,5996.0,0.10713989355052955,642.4108017289752,1.090279492186482,3,HIGH
2027-07-12,28,MR3,5996.0,0.07280459147073509,436.53633045852763,1.2857300139839611,3,HIGH
2027-07-12,28,MR11,5996.0,0.04945623787761975,296.539602314208,0.8454493037151858,3,HIGH
2027-07-12,28,MR2,5996.0,0.019831472036026712,118.90950632801616,0.6771014388670593,3,HIGH
2027-07-12,28,MR1,5996.0,0.010601737779023686,63.56801972302602,1.2742164951607806,3,HIGH
2027-07-12,28,MR8,5996.0,0.004986611700361713,29.899723755368832,0.8227160814819138,3,HIGH
2027-07-12,28,MR9,5996.0,0.0037631090955668827,22.56360213701903,0.981526671192254,3,HIGH
2027-07-12,28,MR4,5996.0,0.0028836041594682725,17.29009054017176,0.5395791163664428,3,HIGH
2027-07-12,28,MR12,5996.0,0.0017963543122593356,10.770940456306976,0.5858109008035753,3,HIGH
2027-07-12,28,MR14,5996.0,0.0017361238105551952,10.40979836808895,0.9051250649447041,3,HIGH
2027-07-19,29,MR7,6141.0,0.5482165545721457,3366.5978616275465,1.0768226422489402,3,HIGH
2027-07-19,29,MR5,6141.0,0.15189968886694585,932.8159893319145,1.0858749513119648,3,HIGH
2027-07-19,29,MR6,6141.0,0.11076967271696322,680.2365601548712,1.149944844082656,3,HIGH
2027-07-19,29,MR11,6141.0,0.07134103468457695,438.105293997987,1.2441576180371519,3,HIGH
2027-07-19,29,MR3,6141.0,0.058787734223732874,361.01547586794356,1.059125050557103,3,HIGH
2027-07-19,29,MR2,6141.0,0.028897301616331247,177.4583292258902,1.0065273513095578,3,HIGH
2027-07-19,29,MR8,6141.0,0.007349708856519465,45.13456208788603,1.2370409478984818,3,HIGH
2027-07-19,29,MR1,6141.0,0.007181542787648692,44.10185425895062,0.8805487848408514,3,HIGH
2027-07-19,29,MR12,6141.0,0.005843245855108343,35.883372796220335,1.9439680049724002,3,HIGH
2027-07-19,29,MR4,6141.0,0.004317739759888654,26.515239865476225,0.8242243814710722,3,HIGH
2027-07-19,29,MR9,6141.0,0.004112404446578067,25.25427570643591,1.0942602450962877,3,HIGH
2027-07-19,29,MR14,6141.0,0.0012833716135609568,7.881185078877835,0.6825741429949846,3,HIGH
2027-07-26,30,MR7,5880.0,0.6427856313097611,3779.5795121013953,1.3572534625518378,3,HIGH
2027-07-26,30,MR5,5880.0,0.10843149660146705,637.5772000166262,0.8332611774047849,3,HIGH
2027-07-26,30,MR6,5880.0,0.08524117187241499,501.21809060980013,0.9512798873757866,3,HIGH
2027-07-26,30,MR3,5880.0,0.05111741687246465,300.5704112100921,0.9899931341733904,3,HIGH
2027-07-26,30,MR11,5880.0,0.05099562821347363,299.85429389522494,0.9560304187084354,3,HIGH
2027-07-26,30,MR2,5880.0,0.033297876029650224,195.79151105434332,1.2467735700146,3,HIGH
2027-07-26,30,MR1,5880.0,0.007910441177095164,46.513394121319564,1.0426514232098967,3,HIGH
2027-07-26,30,MR9,5880.0,0.005112067204169878,30.05895516051888,1.4622583872235522,3,HIGH
2027-07-26,30,MR4,5880.0,0.004704563431342654,27.6628329762948,0.9654084329629683,3,HIGH
2027-07-26,30,MR8,5880.0,0.004543010743265889,26.71290317040343,0.8219785205270111,3,HIGH
2027-07-26,30,MR12,5880.0,0.004136460729488841,24.322389089394385,1.4793353114409602,3,HIGH
2027-07-26,30,MR14,5880.0,0.001724235815405993,10.138506594587238,0.9858181972410429,3,HIGH
2027-08-02,31,MR7,5945.0,0.5849637692988402,3477.609608481605,1.1334781778010146,3,HIGH
2027-08-02,31,MR5,5945.0,0.13714225523954035,815.3107073990674,0.9671333953920229,3,HIGH
2027-08-02,31,MR6,5945.0,0.09236794650995454,549.1274420016798,0.94595306487312,3,HIGH
2027-08-02,31,MR3,5945.0,0.06607189874097835,392.7974380151163,1.1742740611670224,3,HIGH
2027-08-02,31,MR11,5945.0,0.05681869160775823,337.7871216081227,0.9775059065453273,3,HIGH
2027-08-02,31,MR2,5945.0,0.025394180126430504,150.96840085162935,0.8725586896247699,3,HIGH
2027-08-02,31,MR8,5945.0,0.015056842466961795,89.51292846608787,2.5,3,HIGH
2027-08-02,31,MR1,5945.0,0.008339387228209637,49.57765707170629,1.0086998867959167,3,HIGH
2027-08-02,31,MR9,5945.0,0.00614865826750857,36.55377340033845,1.6139769195040907,3,HIGH
2027-08-02,31,MR4,5945.0,0.004557590902875853,27.094877917596946,0.8582553042769145,3,HIGH
2027-08-02,31,MR12,5945.0,0.0020442974237591155,12.153348184247942,0.6709207079750787,3,HIGH
2027-08-02,31,MR14,5945.0,0.0010944821871828642,6.506696602802127,0.5742463763505847,3,HIGH
2027-08-09,32,MR7,5883.0,0.5215990504595984,3068.5672138538175,0.904748200484815,3,HIGH
2027-08-09,32,MR5,5883.0,0.18850641396694875,1108.9832333675595,1.1900027509543407,3,HIGH
2027-08-09,32,MR6,5883.0,0.09619037146155537,565.8879553083302,0.8818336001887811,3,HIGH
2027-08-09,32,MR11,5883.0,0.07932536020107216,466.6710940629075,1.2216504379906494,3,HIGH
2027-08-09,32,MR3,5883.0,0.049673703288274265,292.2303964449175,0.7902890413608712,3,HIGH
2027-08-09,32,MR2,5883.0,0.03746384465639399,220.39979811356585,1.1523370798019983,3,HIGH
2027-08-09,32,MR1,5883.0,0.008518628073580574,50.115088956874516,0.9223680050584888,3,HIGH
2027-08-09,32,MR8,5883.0,0.005397544286890713,31.753753039778065,0.8022487649833651,3,HIGH
2027-08-09,32,MR4,5883.0,0.005262406196769475,30.95873565559482,0.887099357807517,3,HIGH
2027-08-09,32,MR12,5883.0,0.0031912952354639346,18.774389870234327,0.9375638198688826,3,HIGH
2027-08-09,32,MR9,5883.0,0.002823432632457679,16.610254176748526,0.6634392082603879,3,HIGH
2027-08-09,32,MR14,5883.0,0.002047949540994839,12.048087149672638,0.9618681808060565,3,HIGH
2027-08-16,33,MR7,5359.0,0.5527080227728487,2961.962294039696,1.0625337389911615,3,HIGH
2027-08-16,33,MR5,5359.0,0.15023994181869973,805.1358482064119,1.0511465401056272,3,HIGH
2027-08-16,33,MR6,5359.0,0.10833983405228682,580.5931706862051,1.100776708092046,3,HIGH
2027-08-16,33,MR11,5359.0,0.07913529394759442,424.0860402651585,1.3507069884744238,3,HIGH
2027-08-16,33,MR3,5359.0,0.05345232400129353,286.451004322932,0.9425014737061013,3,HIGH
2027-08-16,33,MR2,5359.0,0.0342773802159975,183.6924805775306,1.168505711384645,3,HIGH
2027-08-16,33,MR1,5359.0,0.0056803727595924475,30.441117618655927,0.6816594086871386,3,HIGH
2027-08-16,33,MR8,5359.0,0.005498085824825344,29.46424193523902,0.9056916889084629,3,HIGH
2027-08-16,33,MR4,5359.0,0.0037500905867064826,20.09673545416004,0.7006250819123064,3,HIGH
2027-08-16,33,MR9,5359.0,0.0036984088466693863,19.81977300930124,0.9631515952695702,3,HIGH
2027-08-16,33,MR12,5359.0,0.002209794423476481,11.842288315410462,0.7195181507406805,3,HIGH
2027-08-16,33,MR14,5359.0,0.0010104507500090527,5.415005569298513,0.5259778816893045,3,HIGH
2027-08-23,34,MR7,5732.0,0.5791845678021998,3319.8859426422096,1.0458605072752942,3,HIGH
2027-08-23,34,MR5,5732.0,0.1327100109449824,760.693782736639,0.872150361140805,3,HIGH
2027-08-23,34,MR6,5732.0,0.10865304441954958,622.7992506128581,1.0369618684967312,3,HIGH
2027-08-23,34,MR3,5732.0,0.07138171607799523,409.1599965590687,1.182257973877747,3,HIGH
2027-08-23,34,MR11,5732.0,0.05483252685254881,314.30004391880976,0.8791014746049803,3,HIGH
2027-08-23,34,MR2,5732.0,0.022765754501639146,130.49330480339557,0.7289791172126946,3,HIGH
2027-08-23,34,MR8,5732.0,0.00955824185549315,54.78784231568674,1.4789609411065536,3,HIGH
2027-08-23,34,MR1,5732.0,0.007360344146563083,42.189492648099595,0.8296569202370148,3,HIGH
2027-08-23,34,MR12,5732.0,0.003958344440887159,22.689230335165195,1.2106351649327394,3,HIGH
2027-08-23,34,MR4,5732.0,0.0037689053728039187,21.603365596912063,0.6614072898312242,3,HIGH
2027-08-23,34,MR9,5732.0,0.003426765576957134,19.642220287118292,0.8382507413626782,3,HIGH
2027-08-23,34,MR14,5732.0,0.002399778008380287,13.755527544035804,1.1733652490165518,3,HIGH
2027-08-30,35,MR7,5571.0,0.5600302578192837,3119.9285663112296,1.1541503226001328,3,HIGH
2027-08-30,35,MR5,5571.0,0.14589958653065754,812.8065965622932,1.094298601218684,3,HIGH
2027-08-30,35,MR6,5571.0,0.09018564751297645,502.4242422947918,0.9823187140141992,3,HIGH
2027-08-30,35,MR11,5571.0,0.08549386525908853,476.2863233583822,1.5643351503512677,3,HIGH
2027-08-30,35,MR3,5571.0,0.05465628929069001,304.49018763843407,1.0331408022007347,3,HIGH
2027-08-30,35,MR2,5571.0,0.04058847110256782,226.11837251240533,1.4833028619190345,3,HIGH
2027-08-30,35,MR1,5571.0,0.0061279562875013426,34.13884447766998,0.7883338602592476,3,HIGH
2027-08-30,35,MR8,5571.0,0.005440905936864628,30.311286974272843,0.9608243702874365,3,HIGH
2027-08-30,35,MR12,5571.0,0.00349263180813386,19.457451803113734,1.2191204327172096,3,HIGH
2027-08-30,35,MR4,5571.0,0.003385080621290151,18.85828414120743,0.6779799697106493,3,HIGH
2027-08-30,35,MR9,5571.0,0.0026699019588887637,14.874023812969302,0.7453821144020865,3,HIGH
2027-08-30,35,MR14,5571.0,0.002029405872057149,11.305820113230377,1.1324659901814211,3,HIGH
2027-09-06,36,MR7,5839.0,0.5614193458393849,3278.1275603561685,1.0471866513067436,3,HIGH
2027-09-06,36,MR5,5839.0,0.16043314761088223,936.7691488999413,1.0890848724506614,3,HIGH
2027-09-06,36,MR6,5839.0,0.1237414422216376,722.526281132142,1.2198768847899977,3,HIGH
2027-09-06,36,MR11,5839.0,0.05201855690212521,303.7363537515091,0.861467682759138,3,HIGH
2027-09-06,36,MR3,5839.0,0.048319518182575426,282.13766666805793,0.8266616753075668,3,HIGH
2027-09-06,36,MR2,5839.0,0.024123278650330603,140.8558240392804,0.7979015598868343,3,HIGH
2027-09-06,36,MR8,5839.0,0.009544053794790675,55.72773010778275,1.525427281265421,3,HIGH
2027-09-06,36,MR1,5839.0,0.0077330854293606735,45.15348582203697,0.9003951944356623,3,HIGH
2027-09-06,36,MR4,5839.0,0.005006772329381365,29.23454363125779,0.9075938168950504,3,HIGH
2027-09-06,36,MR9,5839.0,0.003438324561589655,20.076377115121996,0.8687930972882203,3,HIGH
2027-09-06,36,MR12,5839.0,0.002647030915444102,15.45601351527811,0.8362548651088453,3,HIGH
2027-09-06,36,MR14,5839.0,0.001575443562497643,9.199014961423737,0.795691912926382,3,HIGH
2027-09-13,37,MR7,5817.0,0.5190337015469334,3019.2190418985115,0.8164614843216066,3,HIGH
2027-09-13,37,MR5,5817.0,0.18594243100273425,1081.627121142905,1.0645095120031045,3,HIGH
2027-09-13,37,MR6,5817.0,0.11315002497062496,658.1936952541254,0.9407168065861093,3,HIGH
2027-09-13,37,MR3,5817.0,0.06388867671734011,371.6404324647674,0.9217911244281982,3,HIGH
2027-09-13,37,MR11,5817.0,0.05993292093926243,348.62980110368954,0.8370464421658583,3,HIGH
2027-09-13,37,MR2,5817.0,0.022225531065133468,129.28591420588137,0.6199669640462778,3,HIGH
2027-09-13,37,MR1,5817.0,0.011810064628813087,68.69914594580572,1.159674359785014,3,HIGH
2027-09-13,37,MR4,5817.0,0.009403355306419729,54.699317817443564,1.4375400460165135,3,HIGH
2027-09-13,37,MR8,5817.0,0.0058943272226855805,34.28730145436202,0.7945043749568872,3,HIGH
2027-09-13,37,MR9,5817.0,0.0038929139129239,22.645080231478328,0.8295598270749223,3,HIGH
2027-09-13,37,MR12,5817.0,0.003652170561487293,21.244676156171582,0.9730476669675758,3,HIGH
2027-09-13,37,MR14,5817.0,0.0011738821256419092,6.828472324858986,0.5,3,HIGH
2027-09-20,38,MR7,4986.0,0.5285911565923587,2635.5555067695004,0.7549348869088417,3,HIGH
2027-09-20,38,MR5,4986.0,0.16236033579580414,809.5286342778794,0.8439183708473766,3,HIGH
2027-09-20,38,MR6,4986.0,0.14312457953582003,713.6191535655987,1.0803585940169096,3,HIGH
2027-09-20,38,MR3,4986.0,0.05376899278496227,268.09219802582186,0.7043523835810409,3,HIGH
2027-09-20,38,MR11,4986.0,0.047006720410205524,234.37550796528475,0.5960648618368418,3,HIGH
2027-09-20,38,MR2,4986.0,0.030071198710211324,149.93499676911367,0.7615818751494602,3,HIGH
2027-09-20,38,MR1,4986.0,0.011868472224368,59.17620251069884,1.0581032706801425,3,HIGH
2027-09-20,38,MR4,4986.0,0.009018971109767486,44.968589953300686,1.251824824161582,3,HIGH
2027-09-20,38,MR8,4986.0,0.006038577453315645,30.108347182231807,0.7390029131004621,3,HIGH
2027-09-20,38,MR9,4986.0,0.003236573279559796,16.13755437188514,0.6261924327414341,3,HIGH
2027-09-20,38,MR12,4986.0,0.002823526450806092,14.078102883719174,0.6830057863347787,3,HIGH
2027-09-20,38,MR14,4986.0,0.0020908956528210886,10.425205724965947,0.8085880756221437,3,HIGH
2027-09-27,39,MR7,4786.0,0.5629574163723085,2694.3141947578683,1.0885331633624087,2,MEDIUM
2027-09-27,39,MR5,4786.0,0.15840981132539492,758.1493570033401,1.1147541412605873,2,MEDIUM
2027-09-27,39,MR6,4786.0,0.10002447702530491,478.7171470431093,1.0222015005821223,2,MEDIUM
2027-09-27,39,MR11,4786.0,0.06734121476017761,322.29505384221005,1.1560883708247913,2,MEDIUM
2027-09-27,39,MR3,4786.0,0.05362562079758557,256.65222113724457,0.9510578572045688,2,MEDIUM
2027-09-27,39,MR2,4786.0,0.028957376718316292,138.59000497386177,0.9928910432378291,2,MEDIUM
2027-09-27,39,MR1,4786.0,0.0075596163633801314,36.18032391513731,0.9124509194007322,2,MEDIUM
2027-09-27,39,MR4,4786.0,0.006556703768957884,31.380384238232434,1.2321076218491065,2,MEDIUM
2027-09-27,39,MR8,4786.0,0.005581825840543503,26.714618472841206,0.9248351100239309,2,MEDIUM
2027-09-27,39,MR9,4786.0,0.003933729276026674,18.82682831506366,1.0303940833899032,2,MEDIUM
2027-09-27,39,MR12,4786.0,0.003241453387615855,15.513595913129482,1.0615704497358411,2,MEDIUM
2027-09-27,39,MR14,4786.0,0.0018107543643879067,8.666270387960521,0.948049538229899,2,MEDIUM
2027-10-04,40,MR7,5200.0,0.5765527090431614,2998.074087024439,0.997826277010532,2,MEDIUM
2027-10-04,40,MR5,5200.0,0.12990462428316682,675.5040462724675,0.8182225198851945,2,MEDIUM
2027-10-04,40,MR6,5200.0,0.10108898832030733,525.6627392655981,0.9246638403207762,2,MEDIUM
2027-10-04,40,MR11,5200.0,0.07902601476959033,410.9352768018697,1.214311106180309,2,MEDIUM
2027-10-04,40,MR3,5200.0,0.05006494106437461,260.337693534748,0.7947272668887484,2,MEDIUM
2027-10-04,40,MR2,5200.0,0.02760757099356087,143.55936916651652,0.847267161085419,2,MEDIUM
2027-10-04,40,MR1,5200.0,0.009697800656579256,50.42856341421213,1.0476900247825156,2,MEDIUM
2027-10-04,40,MR4,5200.0,0.008336373694297567,43.34914321034735,1.402135726871605,2,MEDIUM
2027-10-04,40,MR8,5200.0,0.006529727709732201,33.95458409060745,0.9683512063631877,2,MEDIUM
2027-10-04,40,MR12,5200.0,0.005598694607170824,29.113211957288282,1.6411399523478312,2,MEDIUM
2027-10-04,40,MR9,5200.0,0.0037361793372101444,19.428132553492752,0.875944120904641,2,MEDIUM
2027-10-04,40,MR14,5200.0,0.0018563755208485203,9.653152708412305,0.8699356384727126,2,MEDIUM
2027-10-11,41,MR7,4816.0,0.5676338232240381,2733.7244926469675,0.9919140982139547,2,MEDIUM
2027-10-11,41,MR5,4816.0,0.14316406332329543,689.4781289649908,0.9104806310226481,2,MEDIUM
2027-10-11,41,MR6,4816.0,0.10835090144609417,521.8179413643895,1.000696615919116,2,MEDIUM
2027-10-11,41,MR11,4816.0,0.06404309445060853,308.4315428741307,0.9936239976061303,2,MEDIUM
2027-10-11,41,MR3,4816.0,0.06156669789098593,296.50521704298825,0.9867795565043004,2,MEDIUM
2027-10-11,41,MR2,4816.0,0.028392929629162972,136.74034909404887,0.8798168200678902,2,MEDIUM
2027-10-11,41,MR1,4816.0,0.009615736967022405,46.3093892331799,1.0488949853650578,2,MEDIUM
2027-10-11,41,MR8,4816.0,0.005050888628781965,24.325079636213943,0.7563024318286736,2,MEDIUM
2027-10-11,41,MR4,4816.0,0.005006181113155027,24.10976824095461,0.8501769305820506,2,MEDIUM
2027-10-11,41,MR9,4816.0,0.00372338478975913,17.931821147479972,0.8814069813140877,2,MEDIUM
2027-10-11,41,MR12,4816.0,0.0021619652111700004,10.412024456994722,0.6398783537803561,2,MEDIUM
2027-10-11,41,MR14,4816.0,0.0012903333259262507,6.214245297660823,0.6105385373922448,2,MEDIUM
2027-10-18,42,MR7,5231.0,0.5811895015097097,3040.2022823972916,1.0591617185268718,2,MEDIUM
2027-10-18,42,MR5,5231.0,0.12961062232271567,677.9931653701257,0.8596387985932303,2,MEDIUM
2027-10-18,42,MR6,5231.0,0.09758821902430052,510.48397371611605,0.9399527265455858,2,MEDIUM
2027-10-18,42,MR11,5231.0,0.06713269637200009,351.17113472193245,1.0862319483161658,2,MEDIUM
2027-10-18,42,MR3,5231.0,0.060133804097330074,314.55992923313363,1.0051518548053524,2,MEDIUM
2027-10-18,42,MR2,5231.0,0.029967567168850195,156.76034386025538,0.9684389747852549,2,MEDIUM
2027-10-18,42,MR1,5231.0,0.012075797390982218,63.16849615222798,1.3737381824115529,2,MEDIUM
2027-10-18,42,MR9,5231.0,0.005431021179208796,28.40967178844121,1.3407838793811853,2,MEDIUM
2027-10-18,42,MR8,5231.0,0.00505098136405671,26.42168351538065,0.7887551138443906,2,MEDIUM
2027-10-18,42,MR4,5231.0,0.004451716177589485,23.2869273249706,0.7884405353060244,2,MEDIUM
2027-10-18,42,MR14,5231.0,0.0037872258303316276,19.810978318464745,1.8688355547072981,2,MEDIUM
2027-10-18,42,MR12,5231.0,0.0035808475629249235,18.731413601660275,1.1052824352922026,2,MEDIUM
2027-10-25,43,MR7,4716.0,0.5870583948483019,2768.5673901045916,1.091716250387702,2,MEDIUM
2027-10-25,43,MR5,4716.0,0.1368763549328082,645.5088898631235,0.9263770794451006,2,MEDIUM
2027-10-25,43,MR6,4716.0,0.09093912219385414,428.86890026621614,0.8938061421136752,2,MEDIUM
2027-10-25,43,MR3,4716.0,0.0636448216747102,300.1489790179333,1.085575494656812,2,MEDIUM
2027-10-25,43,MR11,4716.0,0.05713266712625192,269.43765816740404,0.9433154274901245,2,MEDIUM
2027-10-25,43,MR2,4716.0,0.033351990279904487,157.28798616002956,1.099832337186764,2,MEDIUM
2027-10-25,43,MR1,4716.0,0.011327215878159947,53.419150081402314,1.3149077539697918,2,MEDIUM
2027-10-25,43,MR4,4716.0,0.006774769807738328,31.949814413293957,1.2243905724396034,2,MEDIUM
2027-10-25,43,MR8,4716.0,0.00455178972182974,21.466240328149052,0.7253248717227619,2,MEDIUM
2027-10-25,43,MR9,4716.0,0.0041493179597226065,19.568183498051813,1.0452927935974847,2,MEDIUM
2027-10-25,43,MR12,4716.0,0.002402985555159765,11.332479878133451,0.756872197475323,2,MEDIUM
2027-10-25,43,MR14,4716.0,0.0017905700215587997,8.444328221671299,0.9016233525251561,2,MEDIUM
2027-11-01,44,MR7,5669.0,0.5908961262030267,3349.790139444958,1.055125256963966,2,MEDIUM
2027-11-01,44,MR5,5669.0,0.12191853549910657,691.1561777444351,0.7923070333161139,2,MEDIUM
2027-11-01,44,MR6,5669.0,0.11850129335430455,671.7838320255526,1.1183559982770883,2,MEDIUM
2027-11-01,44,MR11,5669.0,0.05753790759720171,326.1823981685365,0.9122017624318717,2,MEDIUM
2027-11-01,44,MR3,5669.0,0.05718829853860933,324.2004644153763,0.9366310199269532,2,MEDIUM
2027-11-01,44,MR2,5669.0,0.02650798794366734,150.27378365265014,0.8393554168955524,2,MEDIUM
2027-11-01,44,MR1,5669.0,0.0073199307771270525,41.49668757553326,0.8159123127288304,2,MEDIUM
2027-11-01,44,MR12,5669.0,0.005552203302407559,31.475440521348453,1.6791950927145458,2,MEDIUM
2027-11-01,44,MR8,5669.0,0.0050320647713920155,28.526775189021336,0.7699473094943727,2,MEDIUM
2027-11-01,44,MR4,5669.0,0.0045025560826070675,25.524990432299465,0.7813560309300869,2,MEDIUM
2027-11-01,44,MR9,5669.0,0.003685856783276125,20.895122104392353,0.8915877666226018,2,MEDIUM
2027-11-01,44,MR14,5669.0,0.0013572391472740147,7.69418872589639,0.6562277995143726,2,MEDIUM
2027-11-08,45,MR7,4840.0,0.5190265924241401,2512.088707332838,1.0076861664181034,2,MEDIUM
2027-11-08,45,MR5,4840.0,0.18088630630832989,875.4897225323167,1.2781218970272614,2,MEDIUM
2027-11-08,45,MR6,4840.0,0.1106428474792491,535.5113817995657,1.1353326721573023,2,MEDIUM
2027-11-08,45,MR11,4840.0,0.0603042371504004,291.87250780793795,1.039507151138807,2,MEDIUM
2027-11-08,45,MR3,4840.0,0.05647957956845215,273.3611651113084,1.0057629363106657,2,MEDIUM
2027-11-08,45,MR2,4840.0,0.04478874166981018,216.77750968188127,1.5419873295962876,2,MEDIUM
2027-11-08,45,MR1,4840.0,0.008633658686103175,41.78690804073937,1.0463433041314392,2,MEDIUM
2027-11-08,45,MR8,4840.0,0.006752830838892538,32.683701260239886,1.1234233971314715,2,MEDIUM
2027-11-08,45,MR4,4840.0,0.005744904868546347,27.80533956376432,1.0839655749879862,2,MEDIUM
2027-11-08,45,MR9,4840.0,0.0029471742822963776,14.264323526314467,0.7751295151666726,2,MEDIUM
2027-11-08,45,MR12,4840.0,0.0022336459934702694,10.810846608396105,0.7345019460435381,2,MEDIUM
2027-11-08,45,MR14,4840.0,0.001559480730309515,7.547886734698052,0.819824834854895,2,MEDIUM
2027-11-15,46,MR7,5054.0,0.5145821321254037,2600.6980957617902,0.8893572530327949,2,MEDIUM
2027-11-15,46,MR5,5054.0,0.19032048961301856,961.8797545041958,1.1971208453106055,2,MEDIUM
2027-11-15,46,MR6,5054.0,0.08755803568462384,442.5183123500889,0.799800486262907,2,MEDIUM
2027-11-15,46,MR3,5054.0,0.07145006837110238,361.1086455475514,1.1326420549464917,2,MEDIUM
2027-11-15,46,MR11,5054.0,0.06511255454487973,329.07885066982215,0.9991489808865444,2,MEDIUM
2027-11-15,46,MR2,5054.0,0.038754551876320986,195.86550518292626,1.187737656021154,2,MEDIUM
2027-11-15,46,MR1,5054.0,0.00939835481797164,47.49928525002866,1.013951128471337,2,MEDIUM
2027-11-15,46,MR4,5054.0,0.00796140553062417,40.23694355177456,1.3372366064277497,2,MEDIUM
2027-11-15,46,MR8,5054.0,0.00496987960201893,25.117771508603674,0.7360195055688505,2,MEDIUM
2027-11-15,46,MR9,5054.0,0.004184618234010375,21.149060554688432,0.979738468684126,2,MEDIUM
2027-11-15,46,MR12,5054.0,0.003099438482380046,15.664562089948753,0.9072928536545661,2,MEDIUM
2027-11-15,46,MR14,5054.0,0.0026084711176455693,13.183213028580708,1.220711263797436,2,MEDIUM
2027-11-22,47,MR7,5332.0,0.5729587248321015,3055.0159208047653,1.2725770363910827,2,MEDIUM
2027-11-22,47,MR5,5332.0,0.13662921289990834,728.5069631823113,1.104422407018937,2,MEDIUM
2027-11-22,47,MR6,5332.0,0.11302674785139512,602.6586195436388,1.3268018902747891,2,MEDIUM
2027-11-22,47,MR3,5332.0,0.05563963048810177,296.67050976255865,1.1334789709211601,2,MEDIUM
2027-11-22,47,MR11,5332.0,0.0532794643701401,284.086104021587,1.0506657168795939,2,MEDIUM
2027-11-22,47,MR2,5332.0,0.027394926081791376,146.06974586811162,1.0789644481490621,2,MEDIUM
2027-11-22,47,MR8,5332.0,0.010167702533827743,54.21418991036953,1.9351092280018465,2,MEDIUM
2027-11-22,47,MR1,5332.0,0.009721709713773147,51.83615619383842,1.3478669699040315,2,MEDIUM
2027-11-22,47,MR4,5332.0,0.009686465331029393,51.64823314504872,2.090850759418095,2,MEDIUM
2027-11-22,47,MR9,5332.0,0.004974485003346249,26.523954037842202,1.4967237128872055,2,MEDIUM
2027-11-22,47,MR12,5332.0,0.004598378044274258,24.518551732070343,1.7298495700945644,2,MEDIUM
2027-11-22,47,MR14,5332.0,0.001922552850310999,10.251051797858247,1.1562304503186267,2,MEDIUM
2027-11-29,48,MR7,4748.0,0.5640330554536604,2678.02894729398,1.1046465813816022,2,MEDIUM
2027-11-29,48,MR5,4748.0,0.15143013674447092,718.990289262748,1.0793492854405282,2,MEDIUM
2027-11-29,48,MR6,4748.0,0.10681186699683577,507.1427445009762,1.1056111432011564,2,MEDIUM
2027-11-29,48,MR3,4748.0,0.05627148629094317,267.17701690939816,1.0108242853003264,2,MEDIUM
2027-11-29,48,MR11,4748.0,0.05023894448649391,238.53450842187308,0.8735811790589529,2,MEDIUM
2027-11-29,48,MR2,4748.0,0.04475729229865063,212.5076238339932,1.5543859354240315,2,MEDIUM
2027-11-29,48,MR1,4748.0,0.008890410926536859,42.211671079197004,1.0868866837322673,2,MEDIUM
2027-11-29,48,MR8,4748.0,0.004765964000039294,22.62879707218657,0.7998185281679304,2,MEDIUM
2027-11-29,48,MR9,4748.0,0.003881882829253224,18.431179673294306,1.029897459716317,2,MEDIUM
2027-11-29,48,MR4,4748.0,0.003673819072233198,17.443292954963226,0.6992516855732405,2,MEDIUM
2027-11-29,48,MR12,4748.0,0.0033615063077381394,15.960431949140686,1.1150533497106832,2,MEDIUM
2027-11-29,48,MR14,4748.0,0.0018836345931446622,8.943497048250856,0.9988972654303316,2,MEDIUM
2027-12-06,49,MR7,5404.0,0.5854882376654592,3163.9784363441418,1.3253633717896234,2,MEDIUM
2027-12-06,49,MR5,5404.0,0.12979607882449629,701.418009967578,1.0693238657409405,2,MEDIUM
2027-12-06,49,MR11,5404.0,0.09039637027788805,488.50198498170704,1.8168193565928297,2,MEDIUM
2027-12-06,49,MR6,5404.0,0.08926776043686173,482.4029774008008,1.068010527482952,2,MEDIUM
2027-12-06,49,MR3,5404.0,0.05370831006344183,290.2397075828396,1.1151332413812085,2,MEDIUM
2027-12-06,49,MR2,5404.0,0.025983527733893622,140.41498387396115,1.043016456091749,2,MEDIUM
2027-12-06,49,MR1,5404.0,0.00647733636894769,35.00352573779332,0.9152861207714196,2,MEDIUM
2027-12-06,49,MR8,5404.0,0.006212799974435766,33.573971061850884,1.205108272886941,2,MEDIUM
2027-12-06,49,MR4,5404.0,0.005628206880373911,30.414829981540617,1.2381800541713388,2,MEDIUM
2027-12-06,49,MR9,5404.0,0.003454852421915999,18.67002248803406,1.0594465682946872,2,MEDIUM
2027-12-06,49,MR12,5404.0,0.0025213166646792123,13.625195255926464,0.9666897281458571,2,MEDIUM
2027-12-06,49,MR14,5404.0,0.0010652026876066716,5.756355323826453,0.6529116433926053,2,MEDIUM
2027-12-13,50,MR7,4287.0,0.5728362006342762,2455.7487921191423,1.1521658891340003,2,MEDIUM
2027-12-13,50,MR5,4287.0,0.14077009095509857,603.4813799245076,1.0304474451108399,2,MEDIUM
2027-12-13,50,MR6,4287.0,0.08779483070266808,376.37643922233804,0.9332921401396241,2,MEDIUM
2027-12-13,50,MR11,4287.0,0.08063505802652166,345.68249375969833,1.439966627237612,2,MEDIUM
2027-12-13,50,MR3,4287.0,0.0660462952922153,283.140467917727,1.2184325845402686,2,MEDIUM
2027-12-13,50,MR2,4287.0,0.01990977631402037,85.35321105820532,0.7101125621429668,2,MEDIUM
2027-12-13,50,MR1,4287.0,0.01172618495963781,50.2701549219673,1.472261430042936,2,MEDIUM
2027-12-13,50,MR8,4287.0,0.009554634071441682,40.96071626427049,1.6467228946349073,2,MEDIUM
2027-12-13,50,MR4,4287.0,0.004096975621625945,17.563734489910427,0.800838417963915,2,MEDIUM
2027-12-13,50,MR9,4287.0,0.0031464874255366826,13.488991593275758,0.8573207331451642,2,MEDIUM
2027-12-13,50,MR12,4287.0,0.0023387413254403414,10.026184062162743,0.7967272431296524,2,MEDIUM
2027-12-13,50,MR14,4287.0,0.001144724671517559,4.907434666795775,0.6234347000880067,2,MEDIUM
2027-12-20,51,MR7,3354.0,0.5727288439698038,1920.932542674722,1.1638093313251814,2,MEDIUM
2027-12-20,51,MR5,3354.0,0.13382856883277586,448.86101986513023,0.9897203741224447,2,MEDIUM
2027-12-20,51,MR6,3354.0,0.12304983325898602,412.7091407506391,1.3215326995457217,2,MEDIUM
2027-12-20,51,MR3,3354.0,0.061657684867060476,206.79987504412082,1.1491811087316037,2,MEDIUM
2027-12-20,51,MR11,3354.0,0.0493802805551913,165.6214609821116,0.8909027482624131,2,MEDIUM
2027-12-20,51,MR2,3354.0,0.031632664222862025,106.09595580347923,1.1398423992475992,2,MEDIUM
2027-12-20,51,MR8,3354.0,0.008440660849587934,28.30997648951793,1.4697082654582694,2,MEDIUM
2027-12-20,51,MR1,3354.0,0.005682417303052896,19.05882763443941,0.720791306742272,2,MEDIUM
2027-12-20,51,MR9,3354.0,0.005043914864226214,16.917290454614722,1.3884597520454465,2,MEDIUM
2027-12-20,51,MR4,3354.0,0.004289048461591484,14.385468540177838,0.8470142054142213,2,MEDIUM
2027-12-20,51,MR12,3354.0,0.002409790322317694,8.082436741053545,0.8293826676335223,2,MEDIUM
2027-12-20,51,MR14,3354.0,0.0018562924925442283,6.226005019993342,1.021373434700088,2,MEDIUM
2027-12-27,52,MR7,2779.0,0.5533161617453858,1537.6656134904272,0.8598175620305059,1,LOW
2027-12-27,52,MR5,2779.0,0.15259110190079114,424.05067218229857,0.8629647629927959,1,LOW
2027-12-27,52,MR6,2779.0,0.10776366690247906,299.47523032198933,0.8850532913251209,1,LOW
2027-12-27,52,MR3,2779.0,0.06193679018499458,172.12233992409995,0.8827752236936771,1,LOW
2027-12-27,52,MR11,2779.0,0.0617674987713236,171.65187908550828,0.8521909884556728,1,LOW
2027-12-27,52,MR2,2779.0,0.03189774505373707,88.64383350433532,0.8789601696721694,1,LOW
2027-12-27,52,MR1,2779.0,0.009272680680810046,25.768779611971116,0.8994600879116397,1,LOW
2027-12-27,52,MR8,2779.0,0.006405179118299953,17.79999276975557,0.8528764877241204,1,LOW
2027-12-27,52,MR4,2779.0,0.005660620444000013,15.730864213876036,0.8548579458577856,1,LOW
2027-12-27,52,MR9,2779.0,0.004134132759196825,11.488754937807975,0.8702622458823109,1,LOW
2027-12-27,52,MR12,2779.0,0.003229557712328719,8.97494088256151,0.85,1,LOW
2027-12-27,52,MR14,2779.0,0.0020248647266532917,5.627099075369498,0.8519896936730604,1,LOW
